{
  "$schema": "https://developer.microsoft.com/json-schemas/spfx/client-side-web-part-manifest.schema.json",
  "id": "1f2957c7-0d05-4be2-9e3c-40db06011cfe",
  "alias": "AdobePdfWebPart",
  "componentType": "WebPart",

  "version": "*",
  "manifestVersion": 2,

 
  "requiresCustomScript": false,
  "supportsFullBleed": true,
  "supportedHosts": ["SharePointWebPart","SharePointFullPage"],

  "preconfiguredEntries": [{
    "groupId": "cf066440-0614-43d6-98ae-0b31cf14c7c3", 
    "group": { "default": "Other" },
    "title": { "default": "Adobe PDF Viewer web part" },
    "description": { "default": "Displays a PDF that is stored on this SharePoint site." },
    "officeFabricIconFontName": "PDF",
    "properties": {
      "description": "Adobe PDF Viewer web part",
      "dcclientid": "",
      "pdfheight": "500",
      "pageView": "FIT_WIDTH"
    }
  }]
}
